features,j_cmi,MIfy
OTU_139,0.746923051784276,0.746923051784276
OTU_323,-0.40085379675071064,0.09941665102445163
